{"nm":"gradient test 2","ddd":0,"h":1000,"w":1980,"meta":{"g":"LottieFiles AE 3.0.2","tc":"#ffffff"},"layers":[{"ty":4,"nm":"4","sr":1,"st":0,"op":603,"ip":0,"hd":false,"ddd":0,"bm":0,"hasMask":false,"ao":0,"ks":{"a":{"a":0,"k":[-837.891,-396.375,0],"ix":1},"s":{"a":0,"k":[252,252,100],"ix":6},"sk":{"a":0,"k":0},"p":{"a":1,"k":[{"o":{"x":0.167,"y":0.167},"i":{"x":0.833,"y":0.833},"s":[1648.109,-488.375,0],"t":0},{"o":{"x":0.167,"y":0.166},"i":{"x":0.833,"y":0.835},"s":[-91.891,-340.375,0],"t":150},{"o":{"x":0.167,"y":0.169},"i":{"x":0.833,"y":0.829},"s":[-67.891,1407.625,0],"t":299},{"o":{"x":0.167,"y":0.162},"i":{"x":0.833,"y":0.833},"s":[1656.109,1311.625,0],"t":450},{"s":[1648,-488,0],"t":599}],"ix":2},"r":{"a":0,"k":0,"ix":10},"sa":{"a":0,"k":0},"o":{"a":0,"k":100,"ix":11}},"ef":[{"ty":29,"mn":"ADBE Gaussian Blur 2","nm":"Gaussian Blur","ix":1,"en":1,"ef":[{"ty":0,"mn":"ADBE Gaussian Blur 2-0001","nm":"Blurriness","ix":1,"v":{"a":0,"k":300,"ix":1}},{"ty":7,"mn":"ADBE Gaussian Blur 2-0002","nm":"Blur Dimensions","ix":2,"v":{"a":0,"k":1,"ix":2}},{"ty":7,"mn":"ADBE Gaussian Blur 2-0003","nm":"Repeat Edge Pixels","ix":3,"v":{"a":0,"k":0,"ix":3}}]}],"shapes":[{"ty":"gr","bm":0,"hd":false,"mn":"ADBE Vector Group","nm":"Ellipse 1","ix":1,"cix":2,"np":3,"it":[{"ty":"el","bm":0,"hd":false,"mn":"ADBE Vector Shape - Ellipse","nm":"Ellipse Path 1","d":1,"p":{"a":0,"k":[0,0],"ix":3},"s":{"a":0,"k":[714.594,714.594],"ix":2}},{"ty":"st","bm":0,"hd":false,"mn":"ADBE Vector Graphic - Stroke","nm":"Stroke 1","lc":1,"lj":1,"ml":4,"o":{"a":0,"k":100,"ix":4},"w":{"a":0,"k":0,"ix":5},"c":{"a":0,"k":[0.9294,0.5647,0.1569],"ix":3}},{"ty":"fl","bm":0,"hd":false,"mn":"ADBE Vector Graphic - Fill","nm":"Fill 1","c":{"a":0,"k":[0.9294,0.5647,0.1569],"ix":4},"r":1,"o":{"a":0,"k":100,"ix":5}},{"ty":"tr","a":{"a":0,"k":[0,0],"ix":1},"s":{"a":0,"k":[100,100],"ix":3},"sk":{"a":0,"k":0,"ix":4},"p":{"a":0,"k":[-837.891,-396.375],"ix":2},"r":{"a":0,"k":0,"ix":6},"sa":{"a":0,"k":0,"ix":5},"o":{"a":0,"k":100,"ix":7}}]}],"ind":1},{"ty":4,"nm":"3","sr":1,"st":0,"op":603,"ip":0,"hd":false,"ddd":0,"bm":0,"hasMask":false,"ao":0,"ks":{"a":{"a":0,"k":[-837.891,-396.375,0],"ix":1},"s":{"a":0,"k":[252,252,100],"ix":6},"sk":{"a":0,"k":0},"p":{"a":1,"k":[{"o":{"x":0.167,"y":0.167},"i":{"x":0.833,"y":0.806},"s":[1688.109,967.625,0],"t":0},{"o":{"x":0.167,"y":0.146},"i":{"x":0.833,"y":0.827},"s":[1896.109,-100.375,0],"t":150},{"o":{"x":0.167,"y":0.161},"i":{"x":0.833,"y":0.837},"s":[468.109,-212.375,0],"t":299},{"o":{"x":0.167,"y":0.171},"i":{"x":0.833,"y":0.833},"s":[260.109,1339.625,0],"t":450},{"s":[1688,967,0],"t":599}],"ix":2},"r":{"a":0,"k":0,"ix":10},"sa":{"a":0,"k":0},"o":{"a":0,"k":100,"ix":11}},"ef":[{"ty":29,"mn":"ADBE Gaussian Blur 2","nm":"Gaussian Blur","ix":1,"en":1,"ef":[{"ty":0,"mn":"ADBE Gaussian Blur 2-0001","nm":"Blurriness","ix":1,"v":{"a":0,"k":300,"ix":1}},{"ty":7,"mn":"ADBE Gaussian Blur 2-0002","nm":"Blur Dimensions","ix":2,"v":{"a":0,"k":1,"ix":2}},{"ty":7,"mn":"ADBE Gaussian Blur 2-0003","nm":"Repeat Edge Pixels","ix":3,"v":{"a":0,"k":0,"ix":3}}]}],"shapes":[{"ty":"gr","bm":0,"hd":false,"mn":"ADBE Vector Group","nm":"Ellipse 1","ix":1,"cix":2,"np":3,"it":[{"ty":"el","bm":0,"hd":false,"mn":"ADBE Vector Shape - Ellipse","nm":"Ellipse Path 1","d":1,"p":{"a":0,"k":[0,0],"ix":3},"s":{"a":0,"k":[714.594,714.594],"ix":2}},{"ty":"st","bm":0,"hd":false,"mn":"ADBE Vector Graphic - Stroke","nm":"Stroke 1","lc":1,"lj":1,"ml":4,"o":{"a":0,"k":100,"ix":4},"w":{"a":0,"k":0,"ix":5},"c":{"a":0,"k":[0.9294,0.5647,0.1569],"ix":3}},{"ty":"fl","bm":0,"hd":false,"mn":"ADBE Vector Graphic - Fill","nm":"Fill 1","c":{"a":0,"k":[0.9294,0.5647,0.1569],"ix":4},"r":1,"o":{"a":0,"k":100,"ix":5}},{"ty":"tr","a":{"a":0,"k":[0,0],"ix":1},"s":{"a":0,"k":[100,100],"ix":3},"sk":{"a":0,"k":0,"ix":4},"p":{"a":0,"k":[-837.891,-396.375],"ix":2},"r":{"a":0,"k":0,"ix":6},"sa":{"a":0,"k":0,"ix":5},"o":{"a":0,"k":100,"ix":7}}]}],"ind":2},{"ty":4,"nm":"2","sr":1,"st":0,"op":603,"ip":0,"hd":false,"ddd":0,"bm":0,"hasMask":false,"ao":0,"ks":{"a":{"a":0,"k":[-837.891,-396.375,0],"ix":1},"s":{"a":0,"k":[252,252,100],"ix":6},"sk":{"a":0,"k":0},"p":{"a":1,"k":[{"o":{"x":0.167,"y":0.167},"i":{"x":0.833,"y":0.853},"s":[372.109,1483.625,0],"t":0},{"o":{"x":0.167,"y":0.193},"i":{"x":0.833,"y":0.807},"s":[1980.109,1003.625,0],"t":150},{"o":{"x":0.167,"y":0.147},"i":{"x":0.833,"y":0.826},"s":[1836.109,-252.375,0],"t":299},{"o":{"x":0.167,"y":0.16},"i":{"x":0.833,"y":0.833},"s":[156.109,-312.375,0],"t":450},{"s":[372,1483,0],"t":599}],"ix":2},"r":{"a":0,"k":0,"ix":10},"sa":{"a":0,"k":0},"o":{"a":0,"k":100,"ix":11}},"ef":[{"ty":29,"mn":"ADBE Gaussian Blur 2","nm":"Gaussian Blur","ix":1,"en":1,"ef":[{"ty":0,"mn":"ADBE Gaussian Blur 2-0001","nm":"Blurriness","ix":1,"v":{"a":0,"k":300,"ix":1}},{"ty":7,"mn":"ADBE Gaussian Blur 2-0002","nm":"Blur Dimensions","ix":2,"v":{"a":0,"k":1,"ix":2}},{"ty":7,"mn":"ADBE Gaussian Blur 2-0003","nm":"Repeat Edge Pixels","ix":3,"v":{"a":0,"k":0,"ix":3}}]}],"shapes":[{"ty":"gr","bm":0,"hd":false,"mn":"ADBE Vector Group","nm":"Ellipse 1","ix":1,"cix":2,"np":3,"it":[{"ty":"el","bm":0,"hd":false,"mn":"ADBE Vector Shape - Ellipse","nm":"Ellipse Path 1","d":1,"p":{"a":0,"k":[0,0],"ix":3},"s":{"a":0,"k":[714.594,714.594],"ix":2}},{"ty":"st","bm":0,"hd":false,"mn":"ADBE Vector Graphic - Stroke","nm":"Stroke 1","lc":1,"lj":1,"ml":4,"o":{"a":0,"k":100,"ix":4},"w":{"a":0,"k":0,"ix":5},"c":{"a":0,"k":[0.1333,0.149,0.1765],"ix":3}},{"ty":"fl","bm":0,"hd":false,"mn":"ADBE Vector Graphic - Fill","nm":"Fill 1","c":{"a":0,"k":[0.1333,0.149,0.1765],"ix":4},"r":1,"o":{"a":0,"k":100,"ix":5}},{"ty":"tr","a":{"a":0,"k":[0,0],"ix":1},"s":{"a":0,"k":[100,100],"ix":3},"sk":{"a":0,"k":0,"ix":4},"p":{"a":0,"k":[-837.891,-396.375],"ix":2},"r":{"a":0,"k":0,"ix":6},"sa":{"a":0,"k":0,"ix":5},"o":{"a":0,"k":100,"ix":7}}]}],"ind":3},{"ty":4,"nm":"1","sr":1,"st":0,"op":603,"ip":0,"hd":false,"ddd":0,"bm":0,"hasMask":false,"ao":0,"ks":{"a":{"a":0,"k":[-837.891,-396.375,0],"ix":1},"s":{"a":0,"k":[252,252,100],"ix":6},"sk":{"a":0,"k":0},"p":{"a":1,"k":[{"o":{"x":0.167,"y":0.167},"i":{"x":0.833,"y":0.869},"s":[152.109,103.625,0],"t":0},{"o":{"x":0.167,"y":0.229},"i":{"x":0.833,"y":0.776},"s":[852.109,903.625,0],"t":150},{"o":{"x":0.167,"y":0.133},"i":{"x":0.833,"y":0.824},"s":[1456.109,939.625,0],"t":299},{"o":{"x":0.167,"y":0.158},"i":{"x":0.833,"y":0.833},"s":[1268.109,-72.375,0],"t":450},{"s":[152.103,103.6,0],"t":599}],"ix":2},"r":{"a":0,"k":0,"ix":10},"sa":{"a":0,"k":0},"o":{"a":0,"k":100,"ix":11}},"ef":[{"ty":29,"mn":"ADBE Gaussian Blur 2","nm":"Gaussian Blur","ix":1,"en":1,"ef":[{"ty":0,"mn":"ADBE Gaussian Blur 2-0001","nm":"Blurriness","ix":1,"v":{"a":0,"k":300,"ix":1}},{"ty":7,"mn":"ADBE Gaussian Blur 2-0002","nm":"Blur Dimensions","ix":2,"v":{"a":0,"k":1,"ix":2}},{"ty":7,"mn":"ADBE Gaussian Blur 2-0003","nm":"Repeat Edge Pixels","ix":3,"v":{"a":0,"k":0,"ix":3}}]}],"shapes":[{"ty":"gr","bm":0,"hd":false,"mn":"ADBE Vector Group","nm":"Ellipse 1","ix":1,"cix":2,"np":3,"it":[{"ty":"el","bm":0,"hd":false,"mn":"ADBE Vector Shape - Ellipse","nm":"Ellipse Path 1","d":1,"p":{"a":0,"k":[0,0],"ix":3},"s":{"a":0,"k":[714.594,714.594],"ix":2}},{"ty":"st","bm":0,"hd":false,"mn":"ADBE Vector Graphic - Stroke","nm":"Stroke 1","lc":1,"lj":1,"ml":4,"o":{"a":0,"k":100,"ix":4},"w":{"a":0,"k":0,"ix":5},"c":{"a":0,"k":[0.1333,0.149,0.1765],"ix":3}},{"ty":"fl","bm":0,"hd":false,"mn":"ADBE Vector Graphic - Fill","nm":"Fill 1","c":{"a":0,"k":[0.1333,0.149,0.1765],"ix":4},"r":1,"o":{"a":0,"k":100,"ix":5}},{"ty":"tr","a":{"a":0,"k":[0,0],"ix":1},"s":{"a":0,"k":[100,100],"ix":3},"sk":{"a":0,"k":0,"ix":4},"p":{"a":0,"k":[-837.891,-396.375],"ix":2},"r":{"a":0,"k":0,"ix":6},"sa":{"a":0,"k":0,"ix":5},"o":{"a":0,"k":100,"ix":7}}]}],"ind":4},{"ty":1,"nm":"bg","sr":1,"st":0,"op":603,"ip":0,"hd":false,"ddd":0,"bm":0,"hasMask":false,"ao":0,"ks":{"a":{"a":0,"k":[990,500,0],"ix":1},"s":{"a":0,"k":[100,100,100],"ix":6},"sk":{"a":0,"k":0},"p":{"a":0,"k":[990,500,0],"ix":2},"r":{"a":0,"k":0,"ix":10},"sa":{"a":0,"k":0},"o":{"a":0,"k":100,"ix":11}},"ef":[],"sc":"#181c23","sh":1000,"sw":1980,"ind":5}],"v":"4.8.0","fr":60,"op":600,"ip":0,"assets":[]}